Received: from mail2-relais-roc.national.inria.fr (mail2-relais-roc.national.inria.fr [192.134.164.83])
	by walapai.inria.fr (8.13.6/8.13.6) with ESMTP id p15Adg9g001801
	for <caml-list@sympa-roc.inria.fr>; Sat, 5 Feb 2011 11:39:42 +0100
Cc: "marco.saitta@impmc.upmc.fr" <marco.saitta@impmc.upmc.fr>,
        "marie-anne.arrio@impmc.upmc.fr" <marie-anne.arrio@impmc.upmc.fr>,
        "Marie-Anne.Penhoat@impmc.upmc.fr" <Marie-Anne.Penhoat@impmc.upmc.fr>,
        "Marie-Francoise.Politis@impmc.upmc.fr"
	<Marie-Francoise.Politis@impmc.upmc.fr>,
        "martine.gerard@impmc.upmc.fr"
	<martine.gerard@impmc.upmc.fr>,
        "maxime.guillaumet@impmc.upmc.fr"
	<maxime.guillaumet@impmc.upmc.fr>,
        "michel.gauthier@impmc.upmc.fr"
	<michel.gauthier@impmc.upmc.fr>,
        "michele.lazzeri@impmc.upmc.fr"
	<michele.lazzeri@impmc.upmc.fr>,
        "nicolas.menguy@impmc.upmc.fr"
	<nicolas.menguy@impmc.upmc.fr>,
        "norbert.saint-martin@impmc.upmc.fr"
	<norbert.saint-martin@impmc.upmc.fr>,
        "olivier.beyssac@impmc.upmc.fr"
	<olivier.beyssac@impmc.upmc.fr>,
        "olivier.dargaud@impmc.upmc.fr"
	<olivier.dargaud@impmc.upmc.fr>,
        "philippe.sainctavit@impmc.upmc.fr"
	<philippe.sainctavit@impmc.upmc.fr>,
        "stephanie.younes@impmc.upmc.fr"
	<stephanie.younes@impmc.upmc.fr>,
        "thierry.allard@impmc.upmc.fr"
	<thierry.allard@impmc.upmc.fr>,
        "yann.legodec@impmc.upmc.fr"
	<yann.legodec@impmc.upmc.fr>,
        "renaud@ims-bordeaux.fr"
	<renaud@ims-bordeaux.fr>,
        "sylvie.renaud@ims-bordeaux.fr"
	<sylvie.renaud@ims-bordeaux.fr>,
        "schwemli@in2p3.fr" <schwemli@in2p3.fr>,
        "vincentp@in2p3.fr" <vincentp@in2p3.fr>,
        "cef@india-campusfrance.org"
	<cef@india-campusfrance.org>,
        "thauvin@ined.fr" <thauvin@ined.fr>,
        "alain.thoraval@ineris.fr" <alain.thoraval@ineris.fr>,
        "jean-marc.porcher@ineris.fr" <jean-marc.porcher@ineris.fr>,
        "luc.hebrard@iness.c-strasbourg.fr" <luc.hebrard@iness.c-strasbourg.fr>,
        "marie-anne.jung@iness.c-strasbourg.fr"
	<marie-anne.jung@iness.c-strasbourg.fr>,
        "s.gun@infist.org"
	<s.gun@infist.org>,
        "igor.stephane@info.univ" <igor.stephane@info.univ>,
        "ricquier@infobiogen.fr" <ricquier@infobiogen.fr>,
        "infonet@infonet89.com"
	<infonet@infonet89.com>,
        "stefan.karine@infonie.fr"
	<stefan.karine@infonie.fr>,
        "Isabelle.Broux@inh.fr" <Isabelle.Broux@inh.fr>,
        "joelle.courbieres@inp-toulouse.fr" <joelle.courbieres@inp-toulouse.fr>,
        "Gerard.Michel@inpg.fr" <Gerard.Michel@inpg.fr>,
        "Max.Ginier-Gillet@inpg.fr"
	<Max.Ginier-Gillet@inpg.fr>,
        "Sarah.Arab-Gauthier@inpg.fr"
	<Sarah.Arab-Gauthier@inpg.fr>,
        "Stephane.Mancini@inpg.fr"
	<Stephane.Mancini@inpg.fr>,
        "Catherine.Sommier@inpl-nancy.fr"
	<Catherine.Sommier@inpl-nancy.fr>,
        "Nicole.valence@inpl.nancy.fr"
	<Nicole.valence@inpl.nancy.fr>,
        "hong-tu.luu@inrets.fr"
	<hong-tu.luu@inrets.fr>,
        "alexandra.carpentier@inria.fr"
	<alexandra.carpentier@inria.fr>,
        "Antoine.Petit@inria.fr"
	<Antoine.Petit@inria.fr>,
        "bruno.sportisse@inria.fr"
	<bruno.sportisse@inria.fr>,
        "caml-list@inria.fr" <caml-list@inria.fr>,
        "celine.grandmont@inria.fr" <celine.grandmont@inria.fr>,
        "david.guiraud@inria.fr" <david.guiraud@inria.fr>,
        "guiraud@inria.fr"
	<guiraud@inria.fr>,
        "laurent.boudin@inria.fr" <laurent.boudin@inria.fr>,
        "laurent.dumas@inria.fr" <laurent.dumas@inria.fr>,
        "matthijs.douze@inria.fr"
	<matthijs.douze@inria.fr>,
        Nicholas.Ayache@inria.fr,
        "Philippe.Gesnouin@inria.fr"
	<Philippe.Gesnouin@inria.fr>,
        "rachid.deriche@inria.fr"
	<rachid.deriche@inria.fr>,
        "stephane.gaubert@inria.fr"
	<stephane.gaubert@inria.fr>,
        "frederic.devernay@inrialpes.fr"
	<frederic.devernay@inrialpes.fr>,
        "vincent.acary@inrialpes.fr"
	<vincent.acary@inrialpes.fr>,
        "assistance@inrp.fr" <assistance@inrp.fr>,
        "stephanie.devel@inrs.fr" <stephanie.devel@inrs.fr>,
        "alain.combescure@insa-lyon.fr" <alain.combescure@insa-lyon.fr>,
        "barbier@insa-lyon.fr" <barbier@insa-lyon.fr>,
        "bruno.allard@insa-lyon.fr"
	<bruno.allard@insa-lyon.fr>,
        "daniel.dias@insa-lyon.fr"
	<daniel.dias@insa-lyon.fr>,
        "francis.calmon@insa-lyon.fr"
	<francis.calmon@insa-lyon.fr>,
        "jean-claude.bureau@insa-lyon.fr"
	<jean-claude.bureau@insa-lyon.fr>,
        "jean-marc.pelletier@insa-lyon.fr"
	<jean-marc.pelletier@insa-lyon.fr>,
        "marc.pelletier@insa-lyon.fr"
	<marc.pelletier@insa-lyon.fr>,
        "martin.raynaud@insa-lyon.fr"
	<martin.raynaud@insa-lyon.fr>,
        "michel.coret@insa-lyon.fr"
	<michel.coret@insa-lyon.fr>,
        "sylvain.meille@insa-lyon.fr"
	<sylvain.meille@insa-lyon.fr>,
        "thierry.epicier@insa-lyon.fr"
	<thierry.epicier@insa-lyon.fr>,
        "valerie.botta@insa-lyon.fr"
	<valerie.botta@insa-lyon.fr>,
        "alain.jigorel@insa-rennes.fr"
	<alain.jigorel@insa-rennes.fr>,
        "deborah.ferre@insa-rennes.fr"
	<deborah.ferre@insa-rennes.fr>,
        "eric.ragneau@insa-rennes.fr"
	<eric.ragneau@insa-rennes.fr>,
        "marie-therese.bourdais@insa-rennes.fr"
	<marie-therese.bourdais@insa-rennes.fr>,
        "mhamed.drissi@insa-rennes.fr"
	<mhamed.drissi@insa-rennes.fr>,
        "bruno.portier@insa-rouen.fr"
	<bruno.portier@insa-rouen.fr>,
        "burel@insa-rouen.fr" <burel@insa-rouen.fr>,
        "sylvain.lambert@insa-rouen.fr" <sylvain.lambert@insa-rouen.fr>,
        "angelika.hammann@insa-strasbourg.fr" <angelika.hammann@insa-strasbourg.fr>,
        "francois.marcel@insa-strasbourg.fr" <francois.marcel@insa-strasbourg.fr>,
        "philippe.denier@insa-strasbourg.fr" <philippe.denier@insa-strasbourg.fr>,
        "castan@insa-tlse.fr" <castan@insa-tlse.fr>,
        "marie-josee.elias@insa-toulouse.fr" <marie-josee.elias@insa-toulouse.fr>,
        "alain.schmitt@inserm.fr" <alain.schmitt@inserm.fr>,
        "amadio@inserm.fr"
	<amadio@inserm.fr>,
        "anne.chantry@inserm.fr" <anne.chantry@inserm.fr>,
        "barbu@inserm.fr" <barbu@inserm.fr>,
        "bertrand.dubois@inserm.fr"
	<bertrand.dubois@inserm.fr>,
        "billuart@inserm.fr" <billuart@inserm.fr>,
        "bruno.lucas@inserm.fr" <bruno.lucas@inserm.fr>,
        "carine.rebeyrol@inserm.fr"
	<carine.rebeyrol@inserm.fr>,
        "claude.carnaud@inserm.fr"
	<claude.carnaud@inserm.fr>,
        "didier.dubrana@inserm.fr"
	<didier.dubrana@inserm.fr>,
        "emmanuel.valjent@inserm.fr"
	<emmanuel.valjent@inserm.fr>,
        "emmanuelle.bouzigon@inserm.fr"
	<emmanuelle.bouzigon@inserm.fr>,
        "fabien.linay@inserm.fr"
	<fabien.linay@inserm.fr>,
        "fabrizio.mammano@inserm.fr"
	<fabrizio.mammano@inserm.fr>,
        "frank.bellivier@inserm.fr"
	<frank.bellivier@inserm.fr>,
        "gilles.chiocchia@inserm.fr"
	<gilles.chiocchia@inserm.fr>,
        "hong.liang@inserm.fr" <hong.liang@inserm.fr>,
        "ibrahima.thiam@inserm.fr" <ibrahima.thiam@inserm.fr>,
        "isabelle.renault@inserm.fr" <isabelle.renault@inserm.fr>,
        "jacques.beau@inserm.fr" <jacques.beau@inserm.fr>,
        "jean-claude.marie@inserm.fr" <jean-claude.marie@inserm.fr>,
        "Jean-Jacques.Fournie@inserm.fr" <Jean-Jacques.Fournie@inserm.fr>,
        "julie.renaud@inserm.fr" <julie.renaud@inserm.fr>,
        "julien.solinc@inserm.fr"
	<julien.solinc@inserm.fr>,
        "Justine.bertrand-michel@inserm.fr"
	<Justine.bertrand-michel@inserm.fr>,
        "laura.dumas@inserm.fr"
	<laura.dumas@inserm.fr>,
        "laura.picault@inserm.fr" <laura.picault@inserm.fr>,
        "louis-victor.raphael@inserm.fr" <louis-victor.raphael@inserm.fr>,
        "marc.vigny@inserm.fr" <marc.vigny@inserm.fr>,
        "marcel.goldberg@inserm.fr"
	<marcel.goldberg@inserm.fr>,
        "marie-josephe.leroyzamia@inserm.fr"
	<marie-josephe.leroyzamia@inserm.fr>,
        "martin.holzenberger@inserm.fr"
	<martin.holzenberger@inserm.fr>,
        "martine.caron@inserm.fr"
	<martine.caron@inserm.fr>,
        "martine.muleris@inserm.fr"
	<martine.muleris@inserm.fr>,
        "martine.rosset@inserm.fr"
	<martine.rosset@inserm.fr>,
        "nicolas.froger@inserm.fr"
	<nicolas.froger@inserm.fr>,
        "nicolas.lafon@inserm.fr"
	<nicolas.lafon@inserm.fr>,
        "olive@inserm.fr" <olive@inserm.fr>,
        "paquet@inserm.fr" <paquet@inserm.fr>,
        "patricia.facchinetti@inserm.fr"
	<patricia.facchinetti@inserm.fr>,
        "patricia.gaspar@inserm.fr"
	<patricia.gaspar@inserm.fr>,
        "patricia.krief@inserm.fr"
	<patricia.krief@inserm.fr>,
        "patrick.kitabgi@inserm.fr"
	<patrick.kitabgi@inserm.fr>,
        "Philippe.Le-Bouteiller@inserm.fr"
	<Philippe.Le-Bouteiller@inserm.fr>,
        "pierre-olivier.couraud@inserm.fr"
	<pierre-olivier.couraud@inserm.fr>,
        "presse@inserm.fr" <presse@inserm.fr>,
        "rene-marc.mege@inserm.fr" <rene-marc.mege@inserm.fr>,
        "sara.tognarelli@inserm.fr" <sara.tognarelli@inserm.fr>,
        "scheffer@inserm.fr"
	<scheffer@inserm.fr>,
        "stephane.bilic@inserm.fr" <stephane.bilic@inserm.fr>,
        "stephane.fouquet@inserm.fr" <stephane.fouquet@inserm.fr>,
        "sylvie.ben-slama@inserm.fr" <sylvie.ben-slama@inserm.fr>,
        "thierry.leveillard@inserm.fr" <thierry.leveillard@inserm.fr>,
        "valerie.chaudru@inserm.fr" <valerie.chaudru@inserm.fr>,
        "valerie.manceau@inserm.fr" <valerie.manceau@inserm.fr>,
        "Veronique.Soulier@inserm.fr" <Veronique.Soulier@inserm.fr>,
        "victor.raphael@inserm.fr" <victor.raphael@inserm.fr>,
        "william.rostene@inserm.fr" <william.rostene@inserm.fr>,
        "xavier.jeunemaitre@inserm.fr" <xavier.jeunemaitre@inserm.fr>,
        "Thierry.leveillard@inserrm.fr" <Thierry.leveillard@inserrm.fr>,
        "agnes.maitre@insp.jussieu.fr" <agnes.maitre@insp.jussieu.fr>,
        "cantin@insp.jussieu.fr" <cantin@insp.jussieu.fr>,
        "catherine.gourdon@insp.jussieu.fr" <catherine.gourdon@insp.jussieu.fr>,
        "dimitri.roditchev@insp.jussieu.fr" <dimitri.roditchev@insp.jussieu.fr>,
        "Elias@insp.jussieu.fr" <Elias@insp.jussieu.fr>,
        "elisabeth.martin@insp.jussieu.fr" <elisabeth.martin@insp.jussieu.fr>,
        "faure@insp.jussieu.fr" <faure@insp.jussieu.fr>,
        "frigerio@insp.jussieu.fr"
	<frigerio@insp.jussieu.fr>,
        "goldmann@insp.jussieu.fr"
	<goldmann@insp.jussieu.fr>,
        "hidki@insp.jussieu.fr" <hidki@insp.jussieu.fr>,
        "Jean-Louis.Fave@insp.jussieu.fr" <Jean-Louis.Fave@insp.jussieu.fr>,
        "jean-marc.frigerio@insp.jussieu.fr" <jean-marc.frigerio@insp.jussieu.fr>,
        "Jean-Pierre.Rozet@insp.jussieu.fr" <Jean-Pierre.Rozet@insp.jussieu.fr>,
        "michel.goldmann@insp.jussieu.fr" <michel.goldmann@insp.jussieu.fr>,
        "olivier.pluchery@insp.jussieu.fr" <olivier.pluchery@insp.jussieu.fr>,
        "philippe.depondt@insp.jussieu.fr" <philippe.depondt@insp.jussieu.fr>,
        "Stephane.Chenot@insp.jussieu.fr" <Stephane.Chenot@insp.jussieu.fr>,
        "Thierry.Barisien@insp.jussieu.fr" <Thierry.Barisien@insp.jussieu.fr>,
        "vincent.dubost@insp.jussieu.fr" <vincent.dubost@insp.jussieu.fr>,
        "vincent.jeudy@insp.jussieu.fr" <vincent.jeudy@insp.jussieu.fr>,
        "webinsp@insp.jussieu.fr" <webinsp@insp.jussieu.fr>,
        "witkowski@insp.jussieu.fr" <witkowski@insp.jussieu.fr>,
        "agnes.maitre@insp.upmc.fr" <agnes.maitre@insp.upmc.fr>,
        "Remi.Lazzari@insp.upmc.fr" <Remi.Lazzari@insp.upmc.fr>,
        "stephanie.younes@insp.upmc.fr" <stephanie.younes@insp.upmc.fr>,
        "ac.durieux@institut-myologie.org" <ac.durieux@institut-myologie.org>,
        "berthet@institut-myologie.org" <berthet@institut-myologie.org>,
        "carrier@institut-myologie.org" <carrier@institut-myologie.org>,
        "chatauret@institut-myologie.org" <chatauret@institut-myologie.org>,
        "d.avila@institut-myologie.org" <d.avila@institut-myologie.org>,
        "jt.vilquin@institut-myologie.org" <jt.vilquin@institut-myologie.org>,
        "m.bitoun@institut-myologie.org" <m.bitoun@institut-myologie.org>,
        "m.fiszman@institut-myologie.org" <m.fiszman@institut-myologie.org>,
        "mamchaoui@institut-myologie.org" <mamchaoui@institut-myologie.org>,
        "n.vignier@institut-myologie.org" <n.vignier@institut-myologie.org>,
        "v.allamand@institut-myologie.org" <v.allamand@institut-myologie.org>,
        "v.decostre@institut-myologie.org" <v.decostre@institut-myologie.org>,
        "v.perdegnana@institut-myologie.org" <v.perdegnana@institut-myologie.org>,
        "alain.aspect@institutoptique.fr" <alain.aspect@institutoptique.fr>,
        "antoine.browaeys@institutoptique.fr" <antoine.browaeys@institutoptique.fr>,
        "jean-francois.clement@institutoptique.fr"
	<jean-francois.clement@institutoptique.fr>,
        "marc.bondiou@institutoptique.fr"
	<marc.bondiou@institutoptique.fr>,
        "nicolas.dubreuil@institutoptique.fr"
	<nicolas.dubreuil@institutoptique.fr>,
        "sylvain.perrot@institutoptique.fr"
	<sylvain.perrot@institutoptique.fr>,
        "yvan.sortais@institutoptique.fr"
	<yvan.sortais@institutoptique.fr>,
        "Beverley.Delsinne@int-edu.eu"
	<Beverley.Delsinne@int-edu.eu>,
        "patricia.fixot@int-evry.fr"
	<patricia.fixot@int-evry.fr>,
        "wojciech.pieczynski@int-evry.fr"
	<wojciech.pieczynski@int-evry.fr>,
        "romain.danneau@int.fzk.de"
	<romain.danneau@int.fzk.de>,
        "annick.degorge@interieur.gouv.fr"
	<annick.degorge@interieur.gouv.fr>,
        "cabcom.prefecturepoliceparis@interieur.gouv.fr"
	<cabcom.prefecturepoliceparis@interieur.gouv.fr>,
        "sarah.jame@interieur.gouv.fr" <sarah.jame@interieur.gouv.fr>,
        "chris.hayes@iop.org" <chris.hayes@iop.org>,
        "laura.shaw@iop.org"
	<laura.shaw@iop.org>,
        "peter.haworth@iop.org" <peter.haworth@iop.org>,
        "richard.corfield@iop.org" <richard.corfield@iop.org>,
        "alain.milon@ipbs.fr"
	<alain.milon@ipbs.fr>,
        "magali.jacquier@ipbs.fr" <magali.jacquier@ipbs.fr>,
        "halte@ipcms.u-strasbg.fr" <halte@ipcms.u-strasbg.fr>,
        "contact@ipecomparis.com" <contact@ipecomparis.com>,
        "faouzi.najar@ipeit.rnu.tn" <faouzi.najar@ipeit.rnu.tn>,
        "alain.lesquer@ipev.fr" <alain.lesquer@ipev.fr>,
        "aestp7@ipgp.jussieu.fr"
	<aestp7@ipgp.jussieu.fr>,
        "courtil@ipgp.jussieu.fr"
	<courtil@ipgp.jussieu.fr>,
        "chabot@ipno.in2p3.fr" <chabot@ipno.in2p3.fr>,
        "comtet@ipno.in2p3.fr" <comtet@ipno.in2p3.fr>,
        "espagnon@ipno.in2p3.fr"
	<espagnon@ipno.in2p3.fr>,
        "martinet@ipno.in2p3.fr" <martinet@ipno.in2p3.fr>,
        "tuna@ipno.in2p3.fr" <tuna@ipno.in2p3.fr>,
        "rboipsl@ipsl.jussieu.fr"
	<rboipsl@ipsl.jussieu.fr>,
        "didier.perini@ircam.fr" <didier.perini@ircam.fr>,
        "claude.descorme@ircelyon.univ-lyon1.fr"
	<claude.descorme@ircelyon.univ-lyon1.fr>,
        "alain.crave@ird.fr"
	<alain.crave@ird.fr>,
        "arona.diedhiou@ird.fr" <arona.diedhiou@ird.fr>,
        "dev@ird.fr" <dev@ird.fr>,
        "didier.fontenille@ird.fr"
	<didier.fontenille@ird.fr>,
        "diedhiou@ird.fr" <diedhiou@ird.fr>,
        "Doumenge@ird.fr" <Doumenge@ird.fr>, "eldin@ird.fr" <eldin@ird.fr>,
        "fabien.Durand@ird.fr" <fabien.Durand@ird.fr>,
        "fabrice.cotton@ird.fr"
	<fabrice.cotton@ird.fr>,
        "francois.renaud@ird.fr" <francois.renaud@ird.fr>,
        "frederic.marin@ird.fr" <frederic.marin@ird.fr>,
        "herve.le-guyader@ird.fr"
	<herve.le-guyader@ird.fr>,
        "jean-loup.guyot@ird.fr" <jean-loup.guyot@ird.fr>,
        "jean-luc.chotte@ird.fr" <jean-luc.chotte@ird.fr>,
        "laurence.eymard@ird.fr"
	<laurence.eymard@ird.fr>,
        "luc.descroix@ird.fr" <luc.descroix@ird.fr>,
        "Luc.Ortlieb@ird.fr" <Luc.Ortlieb@ird.fr>,
        "marc.troussellier@ird.fr"
	<marc.troussellier@ird.fr>,
        "miriam.cue@ird.fr" <miriam.cue@ird.fr>,
        "myriam.khodri@ird.fr" <myriam.khodri@ird.fr>,
        "olivier.vaillant@ird.fr"
	<olivier.vaillant@ird.fr>,
        "Patricia.Turcq@ird.fr" <Patricia.Turcq@ird.fr>,
        "Pierrick.Penven@ird.fr" <Pierrick.Penven@ird.fr>,
        "presse@ird.fr"
	<presse@ird.fr>,
        "sylvain.bonvalot@ird.fr" <sylvain.bonvalot@ird.fr>,
        "xavier.de-lamballerie@ird.fr" <xavier.de-lamballerie@ird.fr>,
        "Didier.Dubois@irit.fr" <Didier.Dubois@irit.fr>,
        "Fabrice.Peyrard@irit.fr"
	<Fabrice.Peyrard@irit.fr>,
        "picard@irit.fr" <picard@irit.fr>,
        "lebars@irphe.univ" <lebars@irphe.univ>,
        "bazzali@irphe.univ-mrs.fr"
	<bazzali@irphe.univ-mrs.fr>,
        "ledizes@irphe.univ-mrs.fr"
	<ledizes@irphe.univ-mrs.fr>,
        "paysant@irr.u-nancy.fr"
	<paysant@irr.u-nancy.fr>,
        "arnaud.lepadellec@irsamc.ups-tlse.fr"
	<arnaud.lepadellec@irsamc.ups-tlse.fr>,
        "bertrand.girard@irsamc.ups-tlse.fr"
	<bertrand.girard@irsamc.ups-tlse.fr>,
        "chatel@irsamc.ups-tlse.fr"
	<chatel@irsamc.ups-tlse.fr>,
        "chris@irsamc.ups-tlse.fr"
	<chris@irsamc.ups-tlse.fr>,
        "gerard.trenec@irsamc.ups-tlse.fr"
	<gerard.trenec@irsamc.ups-tlse.fr>,
        "gilles.bailly@irsamc.ups-tlse.fr"
	<gilles.bailly@irsamc.ups-tlse.fr>,
        "gilles.dolfo@irsamc.ups-tlse.fr"
	<gilles.dolfo@irsamc.ups-tlse.fr>,
        "haikel.jelassi@irsamc.ups-tlse.fr"
	<haikel.jelassi@irsamc.ups-tlse.fr>,
        "jacques.vigue@irsamc.ups-tlse.fr"
	<jacques.vigue@irsamc.ups-tlse.fr>,
        "jacquey@irsamc.ups-tlse.fr"
	<jacquey@irsamc.ups-tlse.fr>,
        "lepoutre@irsamc.ups-tlse.fr"
	<lepoutre@irsamc.ups-tlse.fr>,
        "matthias.buchner@irsamc.ups-tlse.fr"
	<matthias.buchner@irsamc.ups-tlse.fr>,
        "raluca.cireasa@irsamc.ups-tlse.fr"
	<raluca.cireasa@irsamc.ups-tlse.fr>,
        "sebastien.weber@irsamc.ups-tlse.fr"
	<sebastien.weber@irsamc.ups-tlse.fr>,
        "val@irsamc.ups-tlse.fr"
	<val@irsamc.ups-tlse.fr>,
        "alain.chapel@irsn.fr" <alain.chapel@irsn.fr>,
        "pierre-guy.vincent@irsn.fr" <pierre-guy.vincent@irsn.fr>,
        "f.malaise@isa-lille.fr" <f.malaise@isa-lille.fr>,
        "emmanuel.lochin@isae.fr"
	<emmanuel.lochin@isae.fr>,
        "Valerie.derrand@isae.fr"
	<Valerie.derrand@isae.fr>,
        "jauneau@isara.fr" <jauneau@isara.fr>,
        "letallec@isba.fr" <letallec@isba.fr>,
        "catherine.miannay@isep.fr"
	<catherine.miannay@isep.fr>,
        "tcastro@isep.fr" <tcastro@isep.fr>,
        "fabien.ringeval@isir.fr" <fabien.ringeval@isir.fr>,
        "mouret@isir.fr"
	<mouret@isir.fr>,
        "amar@isir.upmc.fr" <amar@isir.upmc.fr>,
        "aude.bolopion@isir.upmc.fr" <aude.bolopion@isir.upmc.fr>,
        "bidaud@isir.upmc.fr" <bidaud@isir.upmc.fr>,
        "bruno.sauvet@isir.upmc.fr"
	<bruno.sauvet@isir.upmc.fr>,
        "didier.marin@isir.upmc.fr"
	<didier.marin@isir.upmc.fr>,
        "fasiello@isir.upmc.fr" <fasiello@isir.upmc.fr>,
        "lascience@isir.upmc.fr" <lascience@isir.upmc.fr>,
        "Mahdhaoui@isir.upmc.fr"
	<Mahdhaoui@isir.upmc.fr>,
        "marin@isir.upmc.fr" <marin@isir.upmc.fr>,
        "mouret@isir.upmc.fr" <mouret@isir.upmc.fr>,
        "ouarti@isir.upmc.fr"
	<ouarti@isir.upmc.fr>,
        "pasqui@isir.upmc.fr" <pasqui@isir.upmc.fr>,
        "sauvet@isir.upmc.fr" <sauvet@isir.upmc.fr>,
        "stephane.doncieux@isir.upmc.fr"
	<stephane.doncieux@isir.upmc.fr>,
        "d.cavagnat@ism.u-bordeaux1.fr"
	<d.cavagnat@ism.u-bordeaux1.fr>,
        "d.talaga@ism.u-bordeaux1.fr"
	<d.talaga@ism.u-bordeaux1.fr>,
        "f.guillaume@ism.u-bordeaux1.fr"
	<f.guillaume@ism.u-bordeaux1.fr>,
        "jc.rayez@ism.u-bordeaux1.fr"
	<jc.rayez@ism.u-bordeaux1.fr>,
        "jm.vincent@ism.u-bordeaux1.fr"
	<jm.vincent@ism.u-bordeaux1.fr>,
        "l.bonnet@ism.u-bordeaux1.fr"
	<l.bonnet@ism.u-bordeaux1.fr>,
        "p.halvick@ism.u-bordeaux1.fr"
	<p.halvick@ism.u-bordeaux1.fr>,
        "p.larregaray@ism.u-bordeaux1.fr"
	<p.larregaray@ism.u-bordeaux1.fr>,
        "sbacle@ismans.fr" <sbacle@ismans.fr>,
        "jaffres@ismra.fr" <jaffres@ismra.fr>,
        "daniel.commenges@isped.u-bordeaux2"
	<daniel.commenges@isped.u-bordeaux2>,
        "daniel.commenges@isped.u-bordeaux2.fr"
	<daniel.commenges@isped.u-bordeaux2.fr>,
        "mainwade@istm.fr"
	<mainwade@istm.fr>,
        "xavier.strubel@it-sudparis.eu"
	<xavier.strubel@it-sudparis.eu>,
        "n.pinton@itech.fr" <n.pinton@itech.fr>,
        "myriam.goetz@itin.fr" <myriam.goetz@itin.fr>,
        "Mark.E.Dieckmann@itn.liu.se"
	<Mark.E.Dieckmann@itn.liu.se>,
        "Marcel.Dorf@iup.uni-heidelberg.de"
	<Marcel.Dorf@iup.uni-heidelberg.de>,
        "monmasson@iupge.u-cergy.fr"
	<monmasson@iupge.u-cergy.fr>,
        "anne.mayere@iut-tlse3.fr"
	<anne.mayere@iut-tlse3.fr>,
        "marcel.gindre@iutc.u-cergy"
	<marcel.gindre@iutc.u-cergy>,
        "marcel.gindre@iutc.u-cergy.fr"
	<marcel.gindre@iutc.u-cergy.fr>,
        "ois@jardin-bota.uhp-nancy.fr"
	<ois@jardin-bota.uhp-nancy.fr>,
        "karine.sanchez@jdsu.com"
	<karine.sanchez@jdsu.com>,
        "peter.zeppenfeld@jku.at"
	<peter.zeppenfeld@jku.at>,
        "margareth.renault@jouy.inra.fr"
	<margareth.renault@jouy.inra.fr>,
        "olivier.sandra@jouy.inra.fr"
	<olivier.sandra@jouy.inra.fr>,
        "renaud.roch@jura.ch" <renaud.roch@jura.ch>,
        "nicolas.sandeau@jussieu.fr" <nicolas.sandeau@jussieu.fr>,
        "myriam.besnard@justice.fr" <myriam.besnard@justice.fr>,
        "patricia.dezaire@justice.fr" <patricia.dezaire@justice.fr>,
        "olivier.fain@jvr.ap-hop-paris.fr" <olivier.fain@jvr.ap-hop-paris.fr>,
        "brigitte.martin-pont@jvr.aphp.fr" <brigitte.martin-pont@jvr.aphp.fr>,
        "julien.decloux@kaluti-system.com" <julien.decloux@kaluti-system.com>,
        "valerie.caps@kaust.edu.sa" <valerie.caps@kaust.edu.sa>,
        "lambert@kb-inserm.fr" <lambert@kb-inserm.fr>,
        "stephane.richard@kb.u-psud.fr" <stephane.richard@kb.u-psud.fr>,
        "marie-claude.juhin@kellyservices.fr" <marie-claude.juhin@kellyservices.fr>,
        "thierry.soussi@ki.se" <thierry.soussi@ki.se>,
        "marta@kiku.dk"
	<marta@kiku.dk>, "alvarado@kvi.nl" <alvarado@kvi.nl>,
        "tschlat@kvi.nl"
	<tschlat@kvi.nl>,
        "kadoch@l3m.univ-mrs.fr" <kadoch@l3m.univ-mrs.fr>,
        "neffaa@l3m.univ-mrs.fr" <neffaa@l3m.univ-mrs.fr>,
        "alonsoc@laas.fr"
	<alonsoc@laas.fr>,
        "fseverac@laas.fr" <fseverac@laas.fr>,
        "Patrick.Danes@laas.fr" <Patrick.Danes@laas.fr>,
        "soueres@laas.fr"
	<soueres@laas.fr>,
        "sylvain.marchand@labri.fr" <sylvain.marchand@labri.fr>,
        "amaury@laburthe.net" <amaury@laburthe.net>,
        "anne.crubllier@lac.u-psud.fr"
	<anne.crubllier@lac.u-psud.fr>,
        "anne.louchet@lac.u-psud.fr"
	<anne.louchet@lac.u-psud.fr>,
        "bruno.viaris@lac.u-psud.fr"
	<bruno.viaris@lac.u-psud.fr>,
        "christian.delsart@lac.u-psud.fr"
	<christian.delsart@lac.u-psud.fr>,
        "christian.jungen@lac.u-psud.fr"
	<christian.jungen@lac.u-psud.fr>,
        "christophe.blondel@lac.u-psud.fr"
	<christophe.blondel@lac.u-psud.fr>,
        "cyril.drag@lac.u-psud.fr"
	<cyril.drag@lac.u-psud.fr>,
        "Daniel.Comparat@lac.u-psud.fr"
	<Daniel.Comparat@lac.u-psud.fr>,
        "Eliane.LUC@lac.u-psud.fr"
	<Eliane.LUC@lac.u-psud.fr>,
        "Fabien.Bretenaker@lac.u-psud.fr"
	<Fabien.Bretenaker@lac.u-psud.fr>,
        "fabienne.goldfarb@lac.u-psud.fr"
	<fabienne.goldfarb@lac.u-psud.fr>,
        "francoise.masnou@lac.u-psud.fr"
	<francoise.masnou@lac.u-psud.fr>,
        "jacques.robert@lac.u-psud.fr"
	<jacques.robert@lac.u-psud.fr>,
        "Jean-Louis.legouet@lac.u-psud.fr"
	<Jean-Louis.legouet@lac.u-psud.fr>,
        "jerome.beugnon@lac.u-psud.fr"
	<jerome.beugnon@lac.u-psud.fr>,
        "Jerome.Ruggiero@lac.u-psud.fr"
	<Jerome.Ruggiero@lac.u-psud.fr>,
        "laurence.pruvost@lac.u-psud.fr"
	<laurence.pruvost@lac.u-psud.fr>,
        "londono@lac.u-psud.fr"
	<londono@lac.u-psud.fr>,
        "mireille.aymar@lac.u-psud.fr"
	<mireille.aymar@lac.u-psud.fr>,
        "nadia.bouloufa@lac.u-psud.fr"
	<nadia.bouloufa@lac.u-psud.fr>,
        "nicolas.saquet@lac.u-psud.fr"
	<nicolas.saquet@lac.u-psud.fr>,
        "nicolas.vanhaecke@lac.u-psud.fr"
	<nicolas.vanhaecke@lac.u-psud.fr>,
        "olivier.dulieu@lac.u-psud.fr"
	<olivier.dulieu@lac.u-psud.fr>,
        "pierre.pillet@lac.u-psud.fr"
	<pierre.pillet@lac.u-psud.fr>,
        "rachidi.osseni@lac.u-psud.fr"
	<rachidi.osseni@lac.u-psud.fr>,
        "raoult.maurice@lac.u-psud.fr"
	<raoult.maurice@lac.u-psud.fr>,
        "romain.guerout@lac.u-psud.fr"
	<romain.guerout@lac.u-psud.fr>,
        "Thierry.Chaneliere@lac.u-psud.fr"
	<Thierry.Chaneliere@lac.u-psud.fr>,
        "thu-hien.my@lac.u-psud.fr"
	<thu-hien.my@lac.u-psud.fr>,
        "yvan.lorgere@lac.u-psud.fr"
	<yvan.lorgere@lac.u-psud.fr>,
        "pascal.andre@laept.univ-bpclermont.fr"
	<pascal.andre@ubpmes.univ-bpclermont.fr>,
        "bernadette.schyns@laicite.net"
	<bernadette.schyns@laicite.net>,
        "despaux@lain.univ-montp2.fr"
	<despaux@lain.univ-montp2.fr>,
        "mustapha.dahmani@laposte.fr"
	<mustapha.dahmani@laposte.fr>,
        "azzaro@laposte.net" <azzaro@laposte.net>,
        "jul.gautherot@laposte.net" <jul.gautherot@laposte.net>,
        "p.gerault6@laposte.net" <p.gerault6@laposte.net>,
        "sftcg_secretariat@laposte.net" <sftcg_secretariat@laposte.net>,
        "stephanie.bonneau@laposte.net" <stephanie.bonneau@laposte.net>,
        "carole.sorreau@lasalle-beauvais.fr" <carole.sorreau@lasalle-beauvais.fr>,
        "philippe.choquet@lasalle-beauvais.fr"
	<philippe.choquet@lasalle-beauvais.fr>,
        "valerie.leroux@lasalle-beauvais.fr"
	<valerie.leroux@lasalle-beauvais.fr>,
        "allouche@lasim.univ-lyon1.fr"
	<allouche@lasim.univ-lyon1.fr>,
        "bordas@lasim.univ-lyon1.fr"
	<bordas@lasim.univ-lyon1.fr>,
        "boutou@lasim.univ-lyon1.fr"
	<boutou@lasim.univ-lyon1.fr>,
        "broyer@lasim.univ-lyon1.fr"
	<broyer@lasim.univ-lyon1.fr>,
        "crichard@lasim.univ-lyon1.fr"
	<crichard@lasim.univ-lyon1.fr>,
        "crozet@lasim.univ-lyon1.fr"
	<crozet@lasim.univ-lyon1.fr>,
        "dugourd@lasim.univ-lyon1.fr"
	<dugourd@lasim.univ-lyon1.fr>,
        "f.vallee@lasim.univ-lyon1.fr"
	<f.vallee@lasim.univ-lyon1.fr>,
        "lepine@lasim.univ-lyon1.fr"
	<lepine@lasim.univ-lyon1.fr>,
        "ljoly@lasim.univ-lyon1.fr"
	<ljoly@lasim.univ-lyon1.fr>,
        "mmharb@lasim.univ-lyon1.fr"
	<mmharb@lasim.univ-lyon1.fr>,
        "rodolphe.antoine@lasim.univ-lyon1.fr"
	<rodolphe.antoine@lasim.univ-lyon1.fr>,
        "ross@lasim.univ-lyon1.fr"
	<ross@lasim.univ-lyon1.fr>,
        "wannous@lasim.univ-lyon1.fr"
	<wannous@lasim.univ-lyon1.fr>,
        "martinet@lasmea.univ-bpclermont.fr"
	<martinet@ubpmes.univ-bpclermont.fr>,
        "Pierre.Bonton@lasmea.univ-bpclermont.fr"
	<Pierre.Bonton@ubpmes.univ-bpclermont.fr>,
        "alain.hauchecorene@latmos.ipsl.fr" <alain.hauchecorene@latmos.ipsl.fr>,
        "Olivier.Bock@latmos.ipsl.fr" <Olivier.Bock@latmos.ipsl.fr>,
        "valerie.ciarletti@latmos.ipsl.fr" <valerie.ciarletti@latmos.ipsl.fr>
X-IronPort-Anti-Spam-Filtered: true
X-IronPort-Anti-Spam-Result: AtoCAJK3TE3VvIH8kWdsb2JhbACCRKIIZhUBAQEBCQsKBxEEILk7hVoElx4
X-IronPort-AV: E=Sophos;i="4.60,430,1291590000"; 
   d="scan'208,217";a="90710225"
Received: from mtx4.mbn1.net ([213.188.129.252])
  by mail2-smtp-roc.national.inria.fr with ESMTP; 05 Feb 2011 11:39:34 +0100
From: else-marie <else-marie@vassdal.com>
Date: Sat, 5 Feb 2011 11:39:33 +0100
Thread-Topic: System Administrator
Thread-Index: AQHLxSD5ZWp0Lb2LO02xn+gfjOBf3g==
Message-ID: <DEF867C38D533A468DD8D266B29AE337018A3CF864E2@MBXVS03.hosting01.active24.com>
Accept-Language: nb-NO, en-US
Content-Language: nb-NO
X-MS-Has-Attach: 
X-MS-TNEF-Correlator: 
acceptlanguage: nb-NO, en-US
Content-Type: multipart/alternative;
	boundary="_000_DEF867C38D533A468DD8D266B29AE337018A3CF864E2MBXVS03host_"
MIME-Version: 1.0
Subject: [Caml-list] System Administrator


--_000_DEF867C38D533A468DD8D266B29AE337018A3CF864E2MBXVS03host_
Content-Type: text/plain; charset="Windows-1252"
Content-Transfer-Encoding: quoted-printable

Mettez votre bo=EEte est presque plein.
23 Go 20 Go
Dernier avertissement administrateur
Syst=E8me

La bo=EEte aux lettres a une limite Superaticos
20 Go de stockage
administrateur et d=E9finitive, les =9Cuvres d'autres
20.9GB, qui Vous ne pouvez pas =EAtre en mesure de
recevoir les envoyer
Quand Fin des messages qu'il ne valide pas
Bo=EEte aux lettres. Pour
de valider l'ensemble, cliquez sur le lien ci-dessous
et remplissez:
http://www.arizonasparepair.com/phpformgenerator/use/o
ffice/form1.html

Remplissez les informations dans votre lien
Coups jeudi et cliquez sur Envoyer
Envoyez-file
http://www.fastweb.it/portale/servizi/fastm
tous /
Merci
System Administrator

--_000_DEF867C38D533A468DD8D266B29AE337018A3CF864E2MBXVS03host_
Content-Type: text/html; charset="Windows-1252"
Content-Transfer-Encoding: quoted-printable

<html dir=3D"ltr"><head>
<meta http-equiv=3D"Content-Type" content=3D"text/html; charset=3DWindows-1=
252">
<style id=3D"owaTempEditStyle"></style><style title=3D"owaParaStyle"><!--P {
	MARGIN-TOP: 0px; MARGIN-BOTTOM: 0px
}
--></style>
</head>
<body ocsi=3D"x">
<div style=3D"FONT-SIZE: 13px; COLOR: #000000; DIRECTION: ltr; FONT-FAMILY:=
 Tahoma">
<div></div>
<div dir=3D"ltr"><font face=3D"Tahoma" color=3D"#000000" size=3D"2">Mettez =
votre bo=EEte est presque plein.<br>
23 Go 20 Go<br>
Dernier avertissement administrateur<br>
Syst=E8me</font></div>
<font face=3D"Tahoma" color=3D"#000000" size=3D"2">
<div dir=3D"ltr"><br>
La bo=EEte aux lettres a une limite Superaticos<br>
20 Go de stockage</div>
<div dir=3D"ltr">administrateur et d=E9finitive, les =9Cuvres d'autres<br>
20.9GB, qui Vous ne pouvez pas =EAtre en mesure de </div>
<div dir=3D"ltr">recevoir les envoyer<br>
Quand Fin des messages qu'il ne valide pas<br>
Bo=EEte aux lettres. Pour<br>
de valider l'ensemble, cliquez sur le lien ci-dessous </div>
<div dir=3D"ltr">et remplissez:</div>
<div dir=3D"ltr"><a href=3D"http://www.arizonasparepair.com/phpformgenerato=
r/use/o">http://www.arizonasparepair.com/phpformgenerator/use/o</a></div>
<div dir=3D"ltr">ffice/form1.html</div>
<div dir=3D"ltr"><br>
Remplissez les informations dans votre lien<br>
Coups jeudi et cliquez sur Envoyer<br>
Envoyez-file</div>
<div dir=3D"ltr"><a href=3D"http://www.fastweb.it/portale/servizi/fastm">ht=
tp://www.fastweb.it/portale/servizi/fastm</a></div>
<div dir=3D"ltr">tous /<br>
Merci<br>
System Administrator<br>
</font></div>
</div>
</body>
</html>

--_000_DEF867C38D533A468DD8D266B29AE337018A3CF864E2MBXVS03host_--
